stevelivesey67,Jurassic World Dominion,3,20 July 2022
stevelivesey67,Uncharted,6,5 May 2022
FallenEye,Doctor Strange,7,2 November 2016
FallenEye,Avengers: Infinity War,7,4 May 2018
Dragonsouls,Jurassic World,5,20 June 2015
Dragonsouls,Captain America: The Winter Soldier,7,4 April 2014
allmoviesfan,London Has Fallen,7,6 November 2022
allmoviesfan,Home Alone,9,27 October 2022
ccthemovieman-1,Mission: Impossible III,8,25 November 2006
ccthemovieman-1,Home Alone,7,6 October 2006
darkwizard404,Honest Thief,6,13 July 2021
darkwizard404,Doctor Strange,7,27 August 2021
robsta23,Big Hero 6,7,15 July 2015
robsta23,Avatar,8,19 March 2016
SebMoz,How to Train Your Dragon,9,16 November 2020
SebMoz,Guardians of the Galaxy,7,13 November 2020
SebMoz,Mission: Impossible - Ghost Protocol,6,23 November 2020
johnnyboyz,Up,8,13 March 2010
johnnyboyz,Home Alone,5,5 February 2012
johnnyboyz,Big Hero 6,7,15 March 2019
Offworld_Colony,The Maze Runner,2,11 February 2020
Offworld_Colony,Captain America: The Winter Soldier,6,15 February 2020
Offworld_Colony,Spider-Man: Homecoming,7,15 February 2020
Offworld_Colony,Black Panther,8,14 February 2020
mm-39,The Hunger Games,8,22 March 2012
mm-39,Honest Thief,6,26 September 2022
mm-39,Taken,7,4 February 2009
mm-39,Divergent,6,25 March 2014
estebangonzalez10,How to Train Your Dragon,7,13 September 2010
estebangonzalez10,Big Hero 6,7,23 December 2014
estebangonzalez10,Harry Potter and the Deathly Hallows: Part 2,9,12 July 2011
estebangonzalez10,White House Down,7,5 September 2013
estebangonzalez10,Avatar,7,13 September 2010
lgao-892-416008,Jurassic World,8,23 July 2015