stevelivesey67,Jurassic World Dominion,3,23 July 2022
stevelivesey67,Uncharted,6,2 May 2022
FallenEye,Doctor Strange,7,5 November 2016
FallenEye,Avengers: Infinity War,7,1 May 2018
Dragonsouls,Jurassic World,5,23 June 2015
Dragonsouls,Captain America: The Winter Soldier,7,7 April 2014
allmoviesfan,London Has Fallen,7,3 November 2022
allmoviesfan,Home Alone,9,30 October 2022
ccthemovieman-1,Mission: Impossible III,8,22 November 2006
ccthemovieman-1,Home Alone,7,3 October 2006
darkwizard404,Honest Thief,6,10 July 2021
darkwizard404,Doctor Strange,7,30 August 2021
robsta23,Big Hero 6,7,12 July 2015
robsta23,Avatar,8,16 March 2016
SebMoz,How to Train Your Dragon,9,19 November 2020
SebMoz,Guardians of the Galaxy,7,16 November 2020
SebMoz,Mission: Impossible - Ghost Protocol,6,26 November 2020
johnnyboyz,Up,8,16 March 2010
johnnyboyz,Home Alone,5,2 February 2012
johnnyboyz,Big Hero 6,7,12 March 2019
Offworld_Colony,The Maze Runner,2,14 February 2020
Offworld_Colony,Captain America: The Winter Soldier,6,18 February 2020
Offworld_Colony,Spider-Man: Homecoming,7,18 February 2020
Offworld_Colony,Black Panther,8,17 February 2020
mm-39,The Hunger Games,8,25 March 2012
mm-39,Honest Thief,6,23 September 2022
mm-39,Taken,7,1 February 2009
mm-39,Divergent,6,28 March 2014
estebangonzalez10,How to Train Your Dragon,7,16 September 2010
estebangonzalez10,Big Hero 6,7,26 December 2014
estebangonzalez10,Harry Potter and the Deathly Hallows: Part 2,9,15 July 2011
estebangonzalez10,White House Down,7,8 September 2013
estebangonzalez10,Avatar,7,16 September 2010
lgao-892-416008,Jurassic World,8,26 July 2015